school_name,unique_id,date,sentences,roberta_compound,place,latitude,longitude,revised_place,revised_latitude,revised_longitude,place_type,false_positive,checked_by
ODU,ODU_20,2024-10-10 19:58:32,Northern Lights at odu right now,0.004979478195,Northern Lights Hotel,59.9166,30.25,Old Dominion University,36.8853,-76.3059,University ,TRUE,Alex
ODU,ODU_26,2024-10-10 20:29:40,Been in VA 31 years and this year is the first time I've seen it happen!,0.1058745384,Virginia,37.54812,-77.44675,Old Dominion University,36.8853,-76.3059,University ,FALSE,Alex
ODU,ODU_31,2024-10-11 1:14:32,The CME is moving at a speed estimate of 1200-1300 Km/S and reached Earth roughly mid-day today (Source: NOAA Space Weather Prediction Center).,0.002683463274,Earth,0,0,,,,none,TRUE,Alex
ODU,ODU_33,2024-10-10 21:36:30,"Nope, I saw them up here in Manassas, well I should say my phone saw them.",-0.03648313507,City of Manassas,38.75095,-77.47527,City of Manassas,38.75095,-77.47527,city,FALSE,Alex
ODU,ODU_36,2024-10-10 21:38:42,Isn’t this literally the worst time to be in Tampa?,-0.8225570321,Tampa,27.94752,-82.45843,Tampa,27.94752,-82.45843,city,FALSE,Alex
ODU,ODU_71,2023-04-27 6:46:41,He’s shown next to zero interest in doing anything related to Virginia and is using the office as a hub from which to continually jet set around the country campaigning for bigger office.,-0.5137486458,Virginia,37.54812,-77.44675,,,,none,TRUE,Alex
ODU,ODU_73,2023-04-27 6:46:41,Surprised he can find Richmond on a map.,0.6233205199,Richmond,37.55376,-77.46026,,,,none,TRUE,Alex
ODU,ODU_143,2025-04-20 19:11:08,He has been exploring and walking around as of recent and went to Lambert park.,0.4030577242,Lambert Park,34.08556,-118.01896,Lambert’s Point Park,36.8684,-76.3123,Park,FALSE,Calum
ODU,ODU_149,2025-04-20 19:11:08,"When I look up follow the white rabbit Norfolk, Virginia or music, nothing shows up.",-0.2343306988,Norfolk,36.84681,-76.28522,,,,none,TRUE,Alex
ODU,ODU_149,2025-04-20 19:11:08,"When I look up follow the white rabbit Norfolk, Virginia or music, nothing shows up.",-0.2343306988,Virginia,37.54812,-77.44675,,,,none,TRUE,Alex
ODU,ODU_153,2025-04-21 0:23:36,Unrelated but I’m a student here at ODU & I worked the last shift at Lambert’s Point before the golf course shut down.,-0.02050860226,Lamberts Point,36.87543,-76.32744,Lamberts Point,36.87543,-76.32744,region,FALSE,Alex
ODU,ODU_161,2025-04-21 13:48:46,"Thanks for noticing my graffiti work :) I'm all thru the 757 area, look for my rabbit!",0.9185140729,Interchange 757,29.78419,-95.544,Hampton Roads / Tidewater region,36.85077,-76.28587,road,FALSE,Calum
ODU,ODU_163,2025-04-21 16:07:11,I've seen that sticker everywhere in Norfolk,-0.01226675604,Territory of Norfolk Island,-29.03333,167.95,"Norfolk, Virginia",36.84681,-76.28522,city,TRUE,Alex
ODU,ODU_189,2025-04-22 18:58:55,"Unfortunately I don’t live in Virginia, my friend found this and hasn’t visited recently",-0.7504028082,Virginia,37.54812,-77.44675,,,,none,TRUE,Alex
ODU,ODU_236,2025-10-01 17:41:24,"Well im fucked then, I chose ODU cause of ODUGlobal and took 3 classes cause I work 40hrs, and seeing as there arnt many online only programs for bachelor's degrees in Virginia, im just fucked.",-0.812379837,Virginia,37.54812,-77.44675,,,,none,TRUE,Alex
ODU,ODU_381,2024-01-04 13:23:08,Hampton Roads internships be like,-0.009370069019,Hampton Roads,36.97515,-76.34967,Hampton Roads,36.97515,-76.34967,region,FALSE,Alex
ODU,ODU_393,2021-10-14 13:01:35,Oh how cool it would be to get from the quad to Canes in 4 minutes,0.933345437,Cannes,43.55135,7.01275,The Quad,38.43939066,-78.87486605,university building,FALSE,Elijah
ODU,ODU_395,2021-10-14 21:08:23,They need to just turn it into a walkway so we can just walk over hampton blvd,0.03667249531,Hampton Stes Jax-Southside Blvd,30.2653,-81.558,Hampton Blvd,36.864736,-76.30187,road,TRUE,Alex
ODU,ODU_401,2021-10-14 19:14:01,On my speed unlocked one I could get from Rogers to whitehurst in 3min flat.,0.179784894,Rogers County,36.37157,-95.60436,Whitehurst Hall,36.88737264,-76.31527503,university building,FALSE,Alex
ODU,ODU_401,2021-10-14 19:14:01,On my speed unlocked one I could get from Rogers to whitehurst in 3min flat.,0.179784894,Whitehurst,53.00451,-2.03864,Whitehurst Hall,36.88737264,-76.31527503,university building,TRUE,Alex
ODU,ODU_502,2025-02-26 23:16:51,"i feel guilty admitting this-i’m safe 4 hours away in radford, but i have a close friend who goes to ODU and i’m from the norfolk area as well.",-0.06177930906,Radford,52.19234,-1.98963,"Radford, Virginia, USA",37.1318,-80.5764,city,FALSE,Calum
ODU,ODU_502,2025-02-26 23:16:51,"i feel guilty admitting this-i’m safe 4 hours away in radford, but i have a close friend who goes to ODU and i’m from the norfolk area as well.",-0.06177930906,Territory of Norfolk Island,-29.03333,167.95,"Norfolk, Virginia",36.84681,-76.28522,city,FALSE,Calum
ODU,ODU_559,2024-03-03 9:36:32,"It's great for continuing your ODU degrees from another state when you discover you need two more years to get into a particular medical field on the west coast That said, it still feels shitty.",-0.113061741,The West Coast,40.73889,-74.00889,U.S. West Coast,37.7749,-122.4194,region,FALSE,Calum
ODU,ODU_563,2024-03-03 9:37:14,Lol you could on west coast salaries like me,0.1120745912,West Coast,39.28,-155.26,U.S. West Coast,37.7749,-122.4194,region,FALSE,Calum
ODU,ODU_572,2021-11-17 10:06:49,What’s worse is the types of organizations trying to piggy back off this like turning point USA,-0.727376163,United States,39.76,-98.5,,,,none,TRUE,Alex
ODU,ODU_655,2023-05-03 21:51:47,"However, he is the governor and it’s really no different than any of the other morally questionable Va governors that have given Commencement speeches over the years.",-0.5866361856,Virginia,37.54812,-77.44675,,,,none,TRUE,Alex
ODU,ODU_689,2023-05-08 11:02:55,"i’ll put it in simpler terms for you: in a country with abysmally low voter turnout, you are in opposition to America’s core values if you can’t even handle a couple of silent protestors.",-0.6425307989,United States,39.76,-98.5,,,,none,TRUE,Alex
ODU,ODU_705,2025-10-29 10:36:40,"Artist threading Filipino culture and local history into a mural near ODU Filipino muralist Venazir Martinez is painting a new mural near Old Dominion University’s Chartway Arena, blending Norfolk history with Filipino heritage through her signature “red thread” — a scarlet line that links all her murals worldwide.",0.02117990702,Ted Constant Convocation Center,36.88417,-76.30167,Chartway Arena (ODU),36.88417,-76.30167,university building,FALSE,Calum
ODU,ODU_705,2025-10-29 10:36:40,"Artist threading Filipino culture and local history into a mural near ODU Filipino muralist Venazir Martinez is painting a new mural near Old Dominion University’s Chartway Arena, blending Norfolk history with Filipino heritage through her signature “red thread” — a scarlet line that links all her murals worldwide.",0.02117990702,Territory of Norfolk Island,-29.03333,167.95,"Norfolk, Virginia",36.84681,-76.28522,city,FALSE,Calum
ODU,ODU_717,2024-09-11 16:07:06,Norfolk fucking sucks.,-0.9595390558,Territory of Norfolk Island,-29.03333,167.95,"Norfolk, Virginia",36.84681,-76.28522,city,FALSE,Calum
ODU,ODU_730,2024-09-11 16:32:21,First 2 dorm robberies then someone with a gun in Webb is crazy.,-0.7381594181,Webb,27.79251,-99.42281,Webb University Center,36.885,-76.305,university building,FALSE,Calum
ODU,ODU_740,2024-09-11 20:34:18,"I’m close, like walking distance <15mins, already had my car broken into in the last couple months as well but that’s just Norfolk charm I guess.",-0.1734935343,Territory of Norfolk Island,-29.03333,167.95,"Norfolk, Virginia",36.84681,-76.28522,city,FALSE,Calum
ODU,ODU_745,2024-09-11 20:36:10,Ireland loves to just whoever the fuck in and the student housing on I think 39th/40th is a JOKE.,-0.901714623,Ireland,53,-8,,,,none,TRUE,Alex
ODU,ODU_758,2024-09-11 18:24:55,the ones in owen are im not sure about the others,-0.00484168157,Lyman,41.32745,-110.29293,,,,none,TRUE,Alex
ODU,ODU_796,2020-05-02 9:13:57,Spotted this plate at a rest stop on I-95 in VA. Stay Dirty Ol Dirty.,-0.2432302088,Foglietta Plaza,39.94478,-75.14307,"I-95 Rest Stop, Virginia",37.54812,-77.44675,"state, road",FALSE,Calum
ODU,ODU_796,2020-05-02 9:13:57,Spotted this plate at a rest stop on I-95 in VA. Stay Dirty Ol Dirty.,-0.2432302088,Virginia,37.54812,-77.44675,"I-95 Rest Stop, Virginia",37.54812,-77.44675,road,FALSE,Josh
ODU,ODU_808,2025-10-02 11:58:11,"There are also in-person forums on Monday at 12:30 and 4pm in the Student Senate Chambers in Webb, for campus students.",0.002841315465,Webb,27.79251,-99.42281,Webb University Center,36.88665006,-76.3066729,university building,FALSE,Josh
ODU,ODU_816,2023-11-13 19:12:54,"Have no affiliation with the university, but this is my favorite sweatshirt Michigan resident and Michigan State fan here, but I whenever I travel I like to buy merch from other University bookstores if I happen to be close enough to make the trip.",0.7582017183,Michigan,44.25029,-85.50033,,,,,TRUE,Josh
ODU,ODU_817,2023-11-13 19:12:54,"I bought this two years ago when I drove to Hampton for a concert, and it is definitely my favorite sweatshirt.",0.9563868642,Hampton,40.70704,-74.956,"Hampton, Virginia",37.0299,-76.3452,city,FALSE,Calum
ODU,ODU_818,2023-11-13 19:12:54,"I wear it at least once or twice a week in the cold months (which, up here in Michigan, is about half the year lol).",0.1065548584,Michigan,44.25029,-85.50033,,,,,,
ODU,ODU_821,2023-11-13 19:12:54,"(also, if y'all could go ahead and beat James Madison this year, our basketball team would greatly appreciate it...)",0.8701559305,James Madison Park,43.08055,-89.38429,James Madison University,38.4351,-78.8747,University,FALSE,Calum
ODU,ODU_824,2023-11-13 23:53:01,Appreciate the love from Michigan.,0.954244256,Michigan,44.25029,-85.50033,,,,,,
ODU,ODU_890,2022-01-09 19:02:36,theyre doing covid tests for free on campus in jarrett annex behind virginia their information is horrid though.,-0.6779559851,Virginia,37.54812,-77.44675,Jim Jarret Annex,36.88524733,-76.3085306,university building,FALSE,Josh
ODU,ODU_928,2020-03-23 0:02:29,"So i had an idea Lets rebuild the ODU area (43rd street to 49th street and hampton boulevard to whitehurst) from the ground up, in minecraft.",0.09020521492,Odu,7.3533,4.63459,Old Dominion University,36.8856,-76.3055,University,FALSE,Calum
ODU,ODU_928,2020-03-23 0:02:29,"So i had an idea Lets rebuild the ODU area (43rd street to 49th street and hampton boulevard to whitehurst) from the ground up, in minecraft.",0.09020521492,Church of Christ 43rd Street,27.50726,-82.57343,43rd Street (ODU area),36.8844,-76.3072,road,FALSE,Calum
ODU,ODU_928,2020-03-23 0:02:29,"So i had an idea Lets rebuild the ODU area (43rd street to 49th street and hampton boulevard to whitehurst) from the ground up, in minecraft.",0.09020521492,49th Street Station,39.9434,-75.2171,49th Street (ODU area),36.8877,-76.3089,road,FALSE,Calum
ODU,ODU_928,2020-03-23 0:02:29,"So i had an idea Lets rebuild the ODU area (43rd street to 49th street and hampton boulevard to whitehurst) from the ground up, in minecraft.",0.09020521492,Hampton Boulevard Bridge,36.90626,-76.30494,"Hampton Boulevard, Norfolk, VA",36.8869,-76.3048,road,FALSE,Calum
ODU,ODU_928,2020-03-23 0:02:29,"So i had an idea Lets rebuild the ODU area (43rd street to 49th street and hampton boulevard to whitehurst) from the ground up, in minecraft.",0.09020521492,Whitehurst,39.08261,-76.52663,Whitehurst Hall (ODU Residence Hall),36.8891,-76.3156,university building,FALSE,Calum
ODU,ODU_933,2020-03-23 9:39:10,The Library was built in Minecraft back around 2011.,0.1557304263,Weis Library,42.04839,-80.16978,Perry Library (ODU),36.8848,-76.3049,university building,FALSE,Calum
ODU,ODU_948,2024-09-14 16:22:06,It would be deeply funny if Tech leaves Norfolk with a 0-3 record here.,0.0258533489,Norfolk,42.03417,-97.41339,"Norfolk, Virginia",36.8468,-76.2852,city,FALSE,Calum
ODU,ODU_954,2024-09-16 11:04:47,I believe they were Lime Scooters which I was ok with since Norfolk is continuously littered with them,0.2154133618,Territory of Norfolk Island,-29.03333,167.95,"Norfolk, Virginia",36.8468,-76.2852,city,FALSE,Calum
ODU,ODU_964,2024-02-24 22:30:17,There's a furry rave at 37th and zen going on rn,0.02287403867,37th Street Station,39.9514,-75.1975,"37th Street, Norfolk",36.8799,-76.2979,road,FALSE,Calum
ODU,ODU_964,2024-02-24 22:30:17,There's a furry rave at 37th and zen going on rn,0.02287403867,Toceno,46.14468,8.46902,"37th Street, Norfolk",36.8799,-76.2979,road,FALSE,Calum
ODU,ODU_990,2020-02-24 17:35:44,I am a Norfolk taxpayer and student so I am getting double shafted already on this \*\*public school's\*\* funding.,-0.9197590947,Norfolk,42.03417,-97.41339,"Norfolk, Virginia",36.8468,-76.2852,city,FALSE,Calum
ODU,ODU_991,2020-02-24 17:35:44,"What is even crazier is being a Norfolk resident I went ahead and checked and sure enough, they are charging higher than the city in which the university resides!!!",-0.6266773343,Norfolk,42.03417,-97.41339,"Norfolk, Virginia",36.8468,-76.2852,city,FALSE,Calum
ODU,ODU_997,2020-02-24 17:35:44,**ODU is in Norfolk charge like it!,0.08887525648,Territory of Norfolk Island,-29.03333,167.95,"Norfolk, Virginia",36.8468,-76.2852,city,FALSE,Calum
ODU,ODU_1002,2020-02-24 19:12:57,"What's also fucked, the parking garage on 43rd and elkhorn is metered, but it's free to park there on the weekends.",-0.6157422662,43rd Avenue East,15.58694,32.51311,43rd Street & Elkhorn Avenue,36.885,-76.3037,road,FALSE,Calum
ODU,ODU_1002,2020-02-24 19:12:57,"What's also fucked, the parking garage on 43rd and elkhorn is metered, but it's free to park there on the weekends.",-0.6157422662,Elkhorn,40.22201,-79.96366,"Norfolk, Virginia",36.8468,-76.2852,city,FALSE,Calum
ODU,ODU_1027,2022-09-07 10:39:50,Well if norfolk wasn't a blue city and was red something would probably be done about this.,-0.06194734573,Territory of Norfolk Island,-29.03333,167.95,"Norfolk, Virginia",36.8468,-76.2852,city,FALSE,Calum
ODU,ODU_1052,2020-02-24 23:48:26,"Leading to school lots not being used at all, and Norfolk residents not being able to park.",-0.6530708671,Norfolk,42.03417,-97.41339,"Norfolk, Virginia",36.8468,-76.2852,city,FALSE,Calum
ODU,ODU_1090,2025-02-28 11:40:07,"people in brod, the music building, etc could definitely be in so much risk if it were a different kind of shooting.",-0.6630846262,Makedonski Brod,41.51328,21.21641,Brock Commons / Broderick Dining (ODU),36.8845,-76.3061,university building,FALSE,Calum
ODU,ODU_1108,2025-02-28 9:16:58,Norfolk sucks!!!!,-0.9491361976,Norfolk,42.03417,-97.41339,"Norfolk, Virginia",36.8468,-76.2852,city,FALSE,Calum
ODU,ODU_1163,2021-05-09 11:35:46,Do you live in VA?,-0.004511211067,Virginia,37.54812,-77.44675,,,,,,
ODU,ODU_1165,2021-05-09 11:35:46,cause I know tuition rates change if you live outside VA,-0.06548156589,Virginia,37.54812,-77.44675,,,,,,
ODU,ODU_1168,2021-05-09 11:49:23,I live in VA,-0.003222620813,Virginia,37.54812,-77.44675,,,,,,
ODU,ODU_1203,2025-08-12 13:45:39,"it’s right off killam so that’s always an issue and the local neighborhood surrounds the building so you get a lot more locals, which can be hit or miss.",-0.1634797752,Killam,52.79458,-111.85201,"Killam Avenue, Norfolk, VA",36.8854,-76.3079,road,FALSE,Calum
ODU,ODU_1236,2024-12-30 19:25:55,"Yeah, they took it down, except for the part that goes over Hampton",-0.2543694377,Hampton,40.70704,-74.956,"Hampton, Virginia",37.0299,-76.3452,city,FALSE,Calum
ODU,ODU_1272,2020-02-18 21:39:55,I used to walk over with my hallmates from Whitehurst to Rogers for this exact reason.,0.0007193295751,Whitehurst,53.00451,-2.03864,Whitehurst Hall,36.8891,-76.3156,university building,FALSE,Calum
ODU,ODU_1272,2020-02-18 21:39:55,I used to walk over with my hallmates from Whitehurst to Rogers for this exact reason.,0.0007193295751,Rogers County,36.37157,-95.60436,Rogers Hall,36.8887,-76.3073,university building,FALSE,Calum
ODU,ODU_1280,2019-02-09 18:37:09,Beware of Sarper as a MechE his classes were always quite dull and you only talked about Mars.,-0.7763769627,Mars,54.5121,45.6883,,,,,TRUE,Josh
ODU,ODU_1429,2025-05-05 10:32:20,"Make your 5 calls to your state reps, congress, governors office, and articulate what/who is suffering due to these programs being rolled back in ways that they can’t deny impact’s Virginia.",-0.2584495842,Virginia,37.54812,-77.44675,,,,,,
ODU,ODU_1445,2025-05-06 6:08:06,Virginia is a swing state currently under an avid Trump supporting Republican governor in Glen Youngkin.,0.03103894554,Virginia,37.54812,-77.44675,,,,,,
ODU,ODU_1450,2022-10-27 21:05:02,Why it's the Monorail!,0.111261867,Disneyland Monorail - Disneyland,33.81283,-117.91674,,,,,TRUE,Josh
ODU,ODU_1475,2023-04-03 14:16:05,Do you support turning the remaining Monorail into a university wide art project?,0.008541987278,Disneyland Monorail - Disneyland,33.81283,-117.91674,,,,,TRUE,Josh
ODU,ODU_1492,2023-09-20 12:50:40,"Car fire Bluestone and 43rd Smoke quickly spread, fire dept is here",-0.03103472665,Bluestone,40.15424,-79.21142,Bluestone Avenue & 43rd Street,36.8856,-76.3072,road,FALSE,Calum
ODU,ODU_1492,2023-09-20 12:50:40,"Car fire Bluestone and 43rd Smoke quickly spread, fire dept is here",-0.03103472665,43rd Avenue East,15.58694,32.51311,Bluestone Avenue & 43rd Street,36.8856,-76.3072,road,FALSE,Calum
ODU,ODU_1591,2024-12-27 21:11:55,We modeled the bridge that sits in the hallway in Kaufman using Patran/Nastran and compared our deflection and stress measurements with the model for our final project.,0.004833023064,Kaufman,38.86255,-89.77732,Kaufman Hall (ODU),36.8852,-76.3058,university building,FALSE,Calum
ODU,ODU_1608,2024-03-27 22:18:18,Birbs in Brod~ Brod's getting pretty wild riggt now.,0.3317539096,Pašin Brod,45.07797,15.98497,Brock Commons,36.8845,-76.3061,university building,FALSE,Calum
ODU,ODU_1656,2022-03-02 11:36:46,Damn you pay nearly double what I pay here in Powhatan and the only trouble I have is the bathroom being wet all over after a shower.,-0.8917409182,Powhatan,37.54209,-77.91889,Powhatan Apartments,36.88599794,-76.31407538,university building,FALSE,Josh
ODU,ODU_1689,2025-10-10 2:16:54,since most cars in virginia only have a plate on the back if you're backed in their little car can't see it when they drive by to scan everyone.,-0.1107441634,Virginia,37.54812,-77.44675,,,,,,
ODU,ODU_1691,2025-10-10 2:16:54,honestly sometimes it's easier to just find a cheap driveway to park in around norfolk on prked than deal with the campus garages.,0.02110670134,Norfolk,42.03417,-97.41339,"Norfolk, Virginia",36.8468,-76.2852,city,FALSE,Calum
ODU,ODU_1693,2025-10-11 10:39:19,The law in Virginia is a plate on the front and back?,-0.06076645479,Virginia,37.54812,-77.44675,,,,,,
ODU,ODU_1713,2021-09-25 15:04:18,attention all perry library users **face coverings are required in all perry libary spaces** **The nose and mouth must be fully covered** **thank you for your cooperation**,0.1631521732,Perry County,40.39841,-77.2623,Perry Library (ODU),36.8848,-76.3049,university building,FALSE,Calum
ODU,ODU_1716,2021-09-25 20:44:42,"I work for ODU libraries (not Perry, one of the branch libraries) and yes you can have food in the libraries again.",0.2725557685,Perry County,39.73715,-82.23614,Perry Library (ODU),36.8848,-76.3049,university building,FALSE,Calum
ODU,ODU_1725,2021-09-04 15:21:30,someone cut 2 bike locks at powhatan...,-0.1275328398,Powhatan,37.54209,-77.91889,Powhatan Apartments,36.88599794,-76.31407538,university building,FALSE,Elijah
ODU,ODU_1743,2021-09-02 18:29:22,Does anyone else enjoys how lightning looks in this part of the U.S.?,-0.04001988843,United States,39.76,-98.5,,,,,,
ODU,ODU_1765,2015-04-23 9:46:33,I designed and 3D printed a scale model of Foreman Field,0.01057912037,Foreman Field,36.88889,-76.305,S.B. Ballard Stadium,36.8899669,-76.30479198,university building,FALSE,Elijah
ODU,ODU_1781,2025-10-30 14:06:29,He’s a well known cat on campus father to many little black and calico kittens on campus they all hangout in the lamberts point parking lot,0.05108213797,Lamberts Point,36.87543,-76.32744,Lambert Point Parking,36.88376031,-76.31319195,Building,FALSE,Josh
ODU,ODU_1785,2025-10-30 14:07:20,At least one woman comes and feeds all the campus cats once a day around the lamberts point parking lot,0.009517857805,Lamberts Point,36.87543,-76.32744,Lambert Point Parking,36.88376031,-76.31319195,Building,FALSE,Josh
ODU,ODU_1919,2023-12-07 1:44:04,I hear great things about Chicago’s business opportunities,0.9365139604,Chicago,41.85003,-87.65005,,,,,,
ODU,ODU_1928,2023-12-06 21:04:26,Might sound weird but Chicago has a huge economics sector.,0.1003857329,Chicago,41.85003,-87.65005,,,,,,
ODU,ODU_1938,2023-03-24 7:56:06,"Since “it may be the end of the line for ODU's maglev structure”, can you make the part over Hampton Blvd.",-0.01072818227,Hampton Stes Jax-Southside Blvd,30.2653,-81.558,Hampton Boulevard,36.8849,-76.3046,road,FALSE,Calum
ODU,ODU_1939,2023-03-24 7:56:06,a bridge/walkway for students as an alternate route for crossing the Blvd?,0.001805263339,Hermitage Blvd,30.48722,-84.24831,Hampton Boulevard,36.8849,-76.3046,road,FALSE,Calum
ODU,ODU_1945,2023-03-26 23:42:34,Hemphill is for keeping the portion over Hampton Blvd.,0.01116353925,Hampton Stes Jax-Southside Blvd,30.2653,-81.558,Hampton Boulevard,36.8849,-76.3046,road,FALSE,Calum
ODU,ODU_1948,2023-03-26 23:42:34,If you want to improve the situation on Hampton Blvd I would recommend joining the Transportation Board in SGA.,0.2790750861,Hampton Stes Jax-Southside Blvd,30.2653,-81.558,Hampton Boulevard,36.8849,-76.3046,road,FALSE,Calum
ODU,ODU_1948,2023-03-26 23:42:34,If you want to improve the situation on Hampton Blvd I would recommend joining the Transportation Board in SGA.,0.2790750861,Sheghnan Airport,37.56667,71.5,Hampton Boulevard,36.8849,-76.3046,road,FALSE,Josh
ODU,ODU_1969,2020-10-09 9:03:49,"We have also identified an outbreak (defined by the Virginia Department of Health as five or more positive cases) of 14 people in the Whitehurst residence hall, which houses 389 students.",-0.02291988395,Whitehurst,39.08261,-76.52663,Whitehurst Hall (ODU),36.8898,-76.3127,university building,FALSE,Calum
ODU,ODU_1972,2020-10-10 18:01:28,Saw on news a few nights ago about a small outbreak in ODU.,-0.02227523737,Odu,7.3533,4.63459,Old Dominion University,36.8856,-76.3055,University,FALSE,Calum
ODU,ODU_1978,2015-02-21 2:11:51,"Which is amazing, because they couldn't be bothered to plow any other street besides Hampton.",0.2156469673,Hampton,41.78399,-72.0548,Hampton Boulevard,36.8849,-76.3046,road,FALSE,Calum
ODU,ODU_1981,2014-10-29 14:38:00,Lion Fountain,0.02893397957,Fuente de los Leones,18.01135,-66.61434,Monarch Fountain,36.88662529,-76.30568148,university building,FALSE,Elijah
ODU,ODU_2089,2025-02-08 21:41:38,But we are locals (live in Va beach) and our Daughter is a Senior who has lived in an apartment all four years right next to campus.,0.03969106451,Travelodge Virginia Beach Va,36.8474,-75.9747,,,,,TRUE,Josh
ODU,ODU_2107,2025-02-08 23:03:51,"However, I can’t say the same for Norfolk.",-0.15747419,Territory of Norfolk Island,-29.03333,167.95,"Norfolk, VA",36.8508,-76.2859,city,FALSE,Calum
ODU,ODU_2113,2025-02-08 23:03:51,Cons -The city of Norfolk itself.,-0.08273810148,Territory of Norfolk Island,-29.03333,167.95,"Norfolk, VA",36.8508,-76.2859,city,FALSE,Calum
ODU,ODU_2116,2025-02-08 23:03:51,"-Traffic, the traffic on Hampton Blvd will 100% get noisy, congested, and horrendous at times of the day, so whether she decides to commute or reside on campus that could be a consideration.",-0.6458132267,Hampton Stes Jax-Southside Blvd,30.2653,-81.558,Hampton Boulevard,36.8849,-76.3046,road,FALSE,Calum
ODU,ODU_2143,2025-02-09 2:01:00,"And most of the things to do off-campus in Norfolk (zoo, downtown, and waterfront, that kinda thing) are not walkable or easily accessed through public transportation",-0.3941909373,Norfolk,42.03417,-97.41339,"Norfolk, VA",36.8508,-76.2859,city,FALSE,Calum
ODU,ODU_2145,2025-02-08 23:08:40,My undergraduate was in Maine it was one of the least safe campuses in the country.,-0.7115926147,Maine,45.50032,-69.24977,,,,,,
ODU,ODU_2147,2025-02-08 23:08:40,If it’s safer than Maine it’s safe.,0.1012740433,Maine,45.50032,-69.24977,,,,,,
ODU,ODU_2161,2025-02-10 0:43:35,Hey I went to Tech and I would have sworn to you it was safe- who would have thought 32 people would be shot and killed there?,-0.5221638083,Tech,42.58935,3.04426,"Virginia Tech (Blacksburg, VA)",37.2284,-80.4234,University,FALSE,Calum
ODU,ODU_2187,2025-02-09 6:44:05,My daughters went to VT because we worried about safety.,-0.2769923806,Vermont,44.00034,-72.74983,"Virginia Tech (Blacksburg, VA)",37.2284,-80.4234,University ,FALSE,Josh
ODU,ODU_2194,2025-02-09 9:37:56,This depends on time of day and if you mean getting to ODU from the other side of the HRBT or if you mean within Norfolk.,-0.001466457383,Norfolk,42.03417,-97.41339,"Norfolk, VA",36.8508,-76.2859,city,FALSE,Calum
ODU,ODU_2195,2025-02-09 9:37:56,Hampton Blvd sucks due to the large semi trucks but this traffic doesn’t compare to NOVA/DC kind of traffic.,-0.8475154638,Hampton Stes Jax-Southside Blvd,30.2653,-81.558,Hampton Boulevard,36.8849,-76.3046,road,FALSE,Calum
ODU,ODU_2196,2025-02-09 10:07:13,"Violence and criminal activity is literally everywhere … each city / county has their ghetto’s and suburban areas… yes i hear gunshots sometimes but ODU police, security guards and norfolk police is just down the street from odu … Im sure your daughter will be fine , only reason she could ever get caught up with that stuff if she’s a “party girl” … like i said crime is everywhere… I’m sure any other college she chooses will be crime too , if your scared bc of that then i would suggest odu global or community college.",-0.3803740442,Norfolk,42.02834,-97.417,"Norfolk, VA",36.8508,-76.2859,city,FALSE,Calum
ODU,ODU_2196,2025-02-09 10:07:13,"Violence and criminal activity is literally everywhere … each city / county has their ghetto’s and suburban areas… yes i hear gunshots sometimes but ODU police, security guards and norfolk police is just down the street from odu … Im sure your daughter will be fine , only reason she could ever get caught up with that stuff if she’s a “party girl” … like i said crime is everywhere… I’m sure any other college she chooses will be crime too , if your scared bc of that then i would suggest odu global or community college.",-0.3803740442,Odu,7.3533,4.63459,"Norfolk, VA",36.8508,-76.2859,city,FALSE,Josh
ODU,ODU_2216,2025-02-09 14:24:53,There are also Norfolk locals who might try to run a navy federal scam on her ODU PD won’t be much help since they don’t seem to be competent in anything other than setting up students to get DUI’s.,-0.6265481114,Norfolk,42.03417,-97.41339,"Norfolk, VA",36.8508,-76.2859,city,FALSE,Calum
ODU,ODU_2218,2025-02-09 14:24:53,Only reason I went is because I don’t get any financial aid and I pay out pocket so I wanted to commute from VB.,-0.02671901695,Provincia Verbano-Cusio-Ossola,45.93333,8.55,Virginia Beach VA,36.8529263,-75.977985,city,FALSE,Josh
ODU,ODU_2223,2025-02-09 20:09:12,I’m a nsu student ODU is about a 10 mintue drive from nsu the parties in the neighborhood around odu aren’t the safest since I been at nsu Mutiple nsu student gotten killed going to odu parties,-0.7129956484,남서울대학교 Namseoul University,36.90855,127.14278,Norfolk State University,36.84915763,-76.26224161,University,FALSE,Elijah
ODU,ODU_2223,2025-02-09 20:09:12,I’m a nsu student ODU is about a 10 mintue drive from nsu the parties in the neighborhood around odu aren’t the safest since I been at nsu Mutiple nsu student gotten killed going to odu parties,-0.7129956484,남서울대학교 Namseoul University,36.90855,127.14278,Norfolk State University,36.84915763,-76.26224161,University,FALSE,Elijah
ODU,ODU_2223,2025-02-09 20:09:12,I’m a nsu student ODU is about a 10 mintue drive from nsu the parties in the neighborhood around odu aren’t the safest since I been at nsu Mutiple nsu student gotten killed going to odu parties,-0.7129956484,Odu,7.3533,4.63459,Norfolk State University,36.84915763,-76.26224161,University,FALSE,Elijah
ODU,ODU_2223,2025-02-09 20:09:12,I’m a nsu student ODU is about a 10 mintue drive from nsu the parties in the neighborhood around odu aren’t the safest since I been at nsu Mutiple nsu student gotten killed going to odu parties,-0.7129956484,남서울대학교 Namseoul University,36.90855,127.14278,Norfolk State University,36.84915763,-76.26224161,University,FALSE,Elijah
ODU,ODU_2223,2025-02-09 20:09:12,I’m a nsu student ODU is about a 10 mintue drive from nsu the parties in the neighborhood around odu aren’t the safest since I been at nsu Mutiple nsu student gotten killed going to odu parties,-0.7129956484,Odu,7.3533,4.63459,Norfolk State University,36.84915763,-76.26224161,University ,FALSE,Elijah
ODU,ODU_2238,2025-09-05 7:21:07,"Great neighborhood on one side Larchmont, but the other direction off campus Park Place area is a bad area.",-0.1630467027,Larchmont,40.92788,-73.7518,Larchmont,36.89309328,-76.30906825,region,TRUE,Elijah
ODU,ODU_2238,2025-09-05 7:21:07,"Great neighborhood on one side Larchmont, but the other direction off campus Park Place area is a bad area.",-0.1630467027,Park Place,33.98121,-84.77244,Larchmont,36.89309328,-76.30906825,region,FALSE,Elijah
ODU,ODU_2241,2025-09-05 7:21:07,"It’s a shame really b/c I live in Norfolk, it does have some great neighborhoods.",-0.01180432644,Norfolk,42.03417,-97.41339,Neighborhood,42.03433234,-97.4176328,road,FALSE,Ella
ODU,ODU_2248,2025-02-13 14:51:28,the one time i went off campus at night alone i was followed  if you want somewhere that’s known for being safe odu is not the place.,-0.1710122377,Odu,7.3533,4.63459,Campus,36.88557053,-76.30584642,University ,FALSE,Ella
ODU,ODU_2260,2025-02-28 7:20:07,"""My daughters went to VT because we worried about safety. """,-0.2481316477,Vermont,44.00034,-72.74983,Virginia Tech,37.22964771,-80.42332671,University,FALSE,Elijah
ODU,ODU_2267,2025-02-09 21:30:32,Agreed on all points I was a commuter living in vb and then my senior year I moved to norfolk (off campus about a 7min drive away) I took night classes walked around at 10-11pm on campus and to the parking areas and never felt unsafe.,0.23757568,Provincia Verbano-Cusio-Ossola,45.93333,8.55,Housing,36.89197551,-76.30209461,Building,FALSE,Ella
ODU,ODU_2267,2025-02-09 21:30:32,Agreed on all points I was a commuter living in vb and then my senior year I moved to norfolk (off campus about a 7min drive away) I took night classes walked around at 10-11pm on campus and to the parking areas and never felt unsafe.,0.23757568,Norfolk,42.02834,-97.417,Housing,36.89197551,-76.30209461,Building,FALSE,Ella
ODU,ODU_2274,2025-02-09 21:30:32,Downtown was a decent amount of homeless or drunk people hanging around or in front of the norva (concert venue) after shows.,-0.1872608811,Nørvasundet,62.47199,6.23977,Downtown,36.85017292,", -76.28932688161274",region,FALSE,Ella
ODU,ODU_2277,2025-02-09 21:30:32,Norfolk is a lot of fun.,0.943541348,Territory of Norfolk Island,-29.03333,167.95,Norfolk,36.85107871,-76.28162175,County,FALSE,Ella
ODU,ODU_2278,2025-02-09 21:30:32,I still preferred it over virginia beach when it came to going out.,0.2271209508,Virginia Beach,36.85293,-75.97799,Virginia Beach,36.85293,-75.97799,County,TRUE,Ella
ODU,ODU_2285,2025-02-09 21:30:32,"Parking on 43rd by the mcdonalds was usually my best bet, even during 8ams.",0.4729200304,43rd Avenue East,15.58694,32.51311,McDonalds's,36.88255217,-76.3018825,Building,FALSE,Elijah
ODU,ODU_2285,2025-02-09 21:30:32,"Parking on 43rd by the mcdonalds was usually my best bet, even during 8ams.",0.4729200304,Mc Donald's,33.87585,35.5189,McDonalds's,36.88255217,-76.3018825,Building,FALSE,Elijah
ODU,ODU_2286,2025-02-09 21:30:32,Hampton blvd though during peak hours is aweful definitely leave early.,0.3122227192,Hampton Stes Jax-Southside Blvd,30.2653,-81.558,"Hampton Blvd, Virginia",36.90358687,-76.30342352,road,FALSE,Elijah
ODU,ODU_2296,2024-04-04 20:02:03,I work in MGB and half the windows are boarded up.,-0.5720404387,Mount Gambier Airport,-37.7456,140.785,,,,,,
ODU,ODU_2446,2012-04-12 13:31:46,So who put this up in front of England?,-0.1397605389,England,52.16045,-0.70312,,,,,,
ODU,ODU_2514,2025-04-22 20:43:39,"Petition to save Sentara college Hey y’all, asking for a favor from one Hampton Roads college to another.",0.03986011818,Hampton Roads,36.97515,-76.34967,Sentara College of Health Sciences,36.77867385,-76.24211022,University ,FALSE,Elijah
ODU,ODU_2528,2025-02-02 13:15:44,"Del vecchios on Hampton, then Cogans on colley.",0.00197457429,Hampton,41.78399,-72.0548,"Hampton, Virginia",37.03170906,-76.3399119,city,FALSE,Elijah
ODU,ODU_2528,2025-02-02 13:15:44,"Del vecchios on Hampton, then Cogans on colley.",0.00197457429,Colley,41.53452,-76.28632,"Hampton, Virginia",37.03170906,-76.3399119,city,FALSE,Elijah
ODU,ODU_2628,2024-08-20 12:32:00,"I walked over to FA in Rollins, they said they are pushing refunds through tonight",0.003557137214,Rollins,42.37947,-88.06286,Rollins Virginia,38.1849,-76.30585772,County,FALSE,Josh
ODU,ODU_2765,2021-11-12 19:37:42,the organization is prostatsia which is a pro MAP organization that isn't recognized as a legitimate organization by the United States government.,-0.6681714654,United States,39.76,-98.5,,,,,,
ODU,ODU_2818,2025-10-01 9:07:27,"Easy A. Don’t be fooled though, if that syllabus pull really is his words, he’s right and we’re mostly fucked because the job market in America -is- going to inevitably change for humans due to ai advancement.",-0.500374198,United States,39.76,-98.5,,,,,,
ODU,ODU_2993,2022-12-06 12:23:51,Nah that's just Norfolk in general,-0.04226180539,Territory of Norfolk Island,-29.03333,167.95,"Norfolk, Virginia",36.85107871,-76.28162175,city,FALSE,Elijah
ODU,ODU_2996,2020-09-24 13:55:25,"If you live in Virginia and are struggling with substance use or if you know someone that is, we will send you a FREE opioid overdose reversal kit.",0.0249283798,Virginia,37.54812,-77.44675,Virginia,37.41571328,-78.34945732,state,FALSE,Elijah
ODU,ODU_3000,2020-09-24 13:55:25,"In 2018, there were 1,193 opioid-related overdose deaths­­ in Virginia.",-0.7514953017,Virginia,37.54812,-77.44675,Virginia,37.41571328,-78.34945732,state,FALSE,Elijah
ODU,ODU_3005,2020-09-24 13:55:25,We are willing to ship the supplies to anywhere in VIRGINIA.,0.1973218918,Virginia,37.54812,-77.44675,Virginia,37.41571328,-78.34945732,state,FALSE,Elijah
ODU,ODU_3043,2019-09-03 13:46:17,Welcome to Hampton Roads...,0.6720887423,Hampton Roads,36.97515,-76.34967,Hampton Roads,36.95332497,-76.34819424,region,FALSE,Elijah
ODU,ODU_3066,2025-01-17 14:55:35,"If anyone lost a set of keys on a Seattle seahawks lanyard, I turned them in at the Batten Arts academic Advising desk I know this sub doesn't have a ton of members but figured I'd post just in case.",-0.02442711592,Seattle,47.60621,-122.33207,,,,,,
ODU,ODU_3070,2020-09-08 13:47:17,Maybe other parts of the world speak English differently than the United States.,-0.1293145716,Territories of the United States,35.27766,-102.35403,,,,,,
ODU,ODU_3204,2023-11-22 21:14:54,Dining Hall Rant So a lot of us are paying at least 3k a semester to eat Brod food.,-0.2483796626,Dining Hall,32.52386,-92.71407,Dining Hall,"36.887290856973074, ",-76.30857058,Building,FALSE,Ella
ODU,ODU_3215,2023-11-22 22:23:38,only then are we at a five star restaurant in the city of norfolk,0.03619544581,Territory of Norfolk Island,-29.03333,167.95,Restaurant,36.88600775,-75.98018522,Building,FALSE,Ella
ODU,ODU_3225,2023-11-25 19:24:18,fuck brod haha self made meals are the way to go,-0.06687866896,Makedonski Brod,41.51328,21.21641,,,,,,
ODU,ODU_3235,2023-11-22 23:19:34,"Cooking your own food is leagues better aswell, rice and eggs literally outranks everything put out from brod",0.7043201327,Slavonski Brod,45.16158,18.0163,,,,,,
ODU,ODU_3239,2023-10-31 15:00:26,"So for anyone unaware, people are critizising Israel for ""wanting the Palestine state to not exist.""",-0.4076084197,State of Israel,31.5,34.75,Israel,31.11593726,34.98909993,country,FALSE,Elijah
ODU,ODU_3239,2023-10-31 15:00:26,"So for anyone unaware, people are critizising Israel for ""wanting the Palestine state to not exist.""",-0.4076084197,Palestine,31.92157,35.20329,Israel,31.11593726,34.98909993,country,FALSE,Elijah
ODU,ODU_3242,2023-10-31 15:00:26,This phrase promotes the idea of eliminating Israel as a state completely.,-0.5347852707,State of Israel,31.5,34.75,Israel,31.11593726,34.98909993,country,FALSE,Elijah
ODU,ODU_3254,2023-11-02 16:37:14,& - I hate that any support for Palestine = Siding with terrorist.,-0.9421490431,Palestine,31.92157,35.20329,Palestine,31.881464,34.894978,country,FALSE,Elijah
ODU,ODU_3257,2023-11-02 16:37:14,"This reminds me of the months after 9/11 when it was America Good ,Muslims Bad.",-0.2739596367,United States,39.76,-98.5,United States,40.41048383,-99.68234905,country,FALSE,Elijah
ODU,ODU_3276,2023-11-01 9:06:45,"And for those confused as to what the phrase ""From the River to the Sea"" means, It's a call for the destruction of the state and people of Israel.",-0.6210885644,State of Israel,31.5,34.75,Israel,31.11593726,34.98909993,country,FALSE,Elijah
ODU,ODU_3280,2023-11-01 9:06:45,"Take some time to educate yourself about who exactly these so called ""Freedom Fighters"" are, and what they believe and teach [https://en.wikipedia.org/wiki/Hamas\_Charter#Relevance\_in\_the\_21st\_century](https://en.wikipedia.org/wiki/Hamas_Charter#Relevance_in_the_21st_century) I'm disgusted and disappointed that in 2023, 78 years after the Holocaust, we have to remind people that Yes, you can still be critical of Israel and not support the literal ethnic cleansing of Jews and Israelis.",-0.84726578,State of Israel,31.5,34.75,Israel,31.11593726,34.98909993,country,FALSE,Elijah
ODU,ODU_3285,2023-11-30 1:29:54,"From the river to the sea Palestine will be free, and “Israelies” will reside in USA or Europe.",-0.01900919899,Palestine,31.92157,35.20329,Palestine,31.881464,34.894978,country,FALSE,Elijah
ODU,ODU_3285,2023-11-30 1:29:54,"From the river to the sea Palestine will be free, and “Israelies” will reside in USA or Europe.",-0.01900919899,United States,39.76,-98.5,Palestine,31.881464,34.894978,country,FALSE,Elijah
ODU,ODU_3285,2023-11-30 1:29:54,"From the river to the sea Palestine will be free, and “Israelies” will reside in USA or Europe.",-0.01900919899,Europe,48.69096,9.14062,Palestine,31.881464,34.894978,country,FALSE,Elijah
ODU,ODU_3292,2023-12-02 7:49:31,Is what Israel doing not genocide?,-0.4169894457,State of Israel,31.5,34.75,Israel,31.11593726,34.98909993,country,FALSE,Elijah
ODU,ODU_3293,2023-10-31 17:13:11,The public opinion sphere of Israel/Palestine has been changing rapidly ever the course of a month.,-0.05783374235,State of Israel,31.5,34.75,Israel,31.11593726,34.98909993,country,FALSE,Elijah
ODU,ODU_3294,2023-10-31 17:13:11,I'm hopeful that the people who are saying stuff like this are still ignorant of the full complex scale shit show that is the middle east.,-0.8165411949,Al Bank al Brīţānī lish Sharq al Awsaţ,25.2643,55.29326,,,,,,
ODU,ODU_3296,2024-09-28 12:02:31,“from the river to the sea” was first employed by israel to want land across the entire middle east fucking pea brain,-0.6901358366,State of Israel,31.5,34.75,Israel,31.11593726,34.98909993,country,FALSE,Elijah
ODU,ODU_3296,2024-09-28 12:02:31,“from the river to the sea” was first employed by israel to want land across the entire middle east fucking pea brain,-0.6901358366,Middle East,33.13906,35.85869,Israel,31.11593726,34.98909993,country,FALSE,Elijah
ODU,ODU_3298,2023-10-31 20:05:24,"I'm calling out the phrase ""from river to the sea"" which calls for the complete annihilation of Israel.",-0.7070711255,State of Israel,31.5,34.75,Israel,31.11593726,34.98909993,country,FALSE,Elijah
ODU,ODU_3304,2023-11-01 2:00:32,""" I'm hopeful that the people who are saying stuff like this are still ignorant of the full complex scale shit show that is the middle east.""",-0.6567457914,Al Bank al Brīţānī lish Sharq al Awsaţ,25.2643,55.29326,,,,,,
ODU,ODU_3306,2023-11-01 2:00:32,The U.N./pretty much all countries that aren't the U.S. are opposed to what Israel is doing in Gaza.,-0.4171540141,United States,39.76,-98.5,,,,,,
ODU,ODU_3306,2023-11-01 2:00:32,The U.N./pretty much all countries that aren't the U.S. are opposed to what Israel is doing in Gaza.,-0.4171540141,State of Israel,31.5,34.75,,,,,,
ODU,ODU_3306,2023-11-01 2:00:32,The U.N./pretty much all countries that aren't the U.S. are opposed to what Israel is doing in Gaza.,-0.4171540141,Gaza,31.50161,34.46672,,,,,,
ODU,ODU_3308,2023-11-01 2:00:32,You do realize that Palestine existed before Israel right?,-0.08752512187,Palestine,31.92157,35.20329,,,,,,
ODU,ODU_3308,2023-11-01 2:00:32,You do realize that Palestine existed before Israel right?,-0.08752512187,State of Israel,31.5,34.75,,,,,,
ODU,ODU_3318,2023-10-31 20:51:50,"when we say free palestine, that means breaking the border and letting Palestinians live freely and go where they want in THIER COUNTRY.",-0.05467588827,Palestine,31.92157,35.20329,,,,,,
ODU,ODU_3326,2023-11-01 2:15:11,"Woah, someone who thinks Israel shouldn't genocide Gaza should certainly be fired.",-0.8006541729,State of Israel,31.5,34.75,,,,,,
ODU,ODU_3326,2023-11-01 2:15:11,"Woah, someone who thinks Israel shouldn't genocide Gaza should certainly be fired.",-0.8006541729,Gaza,31.50161,34.46672,,,,,,
ODU,ODU_3329,2023-11-01 2:15:11,"Now if anyone says anything against Israel's genocide, they're automatically antisemitic.",-0.8661257029,State of Israel,31.5,34.75,,,,,,
ODU,ODU_3331,2023-11-01 2:15:11,"All of the U.N. is against what's happening in Gaza, America is the only one who's allowing this, and they even recently said ""we do not support Israel killing civilians"" because of how bad it's getting.",-0.8683452606,Gaza,31.50161,34.46672,,,,,,
ODU,ODU_3331,2023-11-01 2:15:11,"All of the U.N. is against what's happening in Gaza, America is the only one who's allowing this, and they even recently said ""we do not support Israel killing civilians"" because of how bad it's getting.",-0.8683452606,United States,39.76,-98.5,,,,,,
ODU,ODU_3331,2023-11-01 2:15:11,"All of the U.N. is against what's happening in Gaza, America is the only one who's allowing this, and they even recently said ""we do not support Israel killing civilians"" because of how bad it's getting.",-0.8683452606,State of Israel,31.5,34.75,,,,,,
ODU,ODU_3335,2023-11-01 2:15:11,"If you don't understand the analogy in relation to the genocide in gaza, just stfu.",-0.7306427956,Gaza,31.50161,34.46672,,,,,,
ODU,ODU_3351,2023-10-31 21:00:15,"Most people today say ""one state solution"" meaning only Palestine or Israel as the one in the region.",-0.1264422089,Palestine,31.92157,35.20329,,,,,,
ODU,ODU_3351,2023-10-31 21:00:15,"Most people today say ""one state solution"" meaning only Palestine or Israel as the one in the region.",-0.1264422089,State of Israel,31.5,34.75,,,,,,
ODU,ODU_3354,2023-10-31 21:00:15,Meanwhile many Palestinian groups (Hamas and Hezbollah as an example) wish death on Israel.,-0.8012270927,State of Israel,31.5,34.75,,,,,,
ODU,ODU_3358,2023-10-31 21:00:15,"Then the Jewish migrations continued due to the Nazi's making them flee, then furthermore when the Muslim nations started to attack the native Jews forcing them to flee to Israel for safety.",-0.7060530186,State of Israel,31.5,34.75,,,,,,
ODU,ODU_3366,2023-11-01 9:30:37,"Over 90% of modern Arab Palestinians are descendants of Arab immigrants from other countries (Jordan, Syria, Lebanon, Egypt) in the 1800s-1900s.",-0.022031039,Hashemite Kingdom of Jordan,31,36,Palestine,31.881464,34.894978,country,FALSE,Josh
ODU,ODU_3366,2023-11-01 9:30:37,"Over 90% of modern Arab Palestinians are descendants of Arab immigrants from other countries (Jordan, Syria, Lebanon, Egypt) in the 1800s-1900s.",-0.022031039,Syrian Arab Republic,35,38,Palestine,31.881464,34.894978,country,FALSE,Josh
ODU,ODU_3366,2023-11-01 9:30:37,"Over 90% of modern Arab Palestinians are descendants of Arab immigrants from other countries (Jordan, Syria, Lebanon, Egypt) in the 1800s-1900s.",-0.022031039,Lebanon,33.83333,35.83333,Palestine,31.881464,34.894978,country,FALSE,Josh
ODU,ODU_3366,2023-11-01 9:30:37,"Over 90% of modern Arab Palestinians are descendants of Arab immigrants from other countries (Jordan, Syria, Lebanon, Egypt) in the 1800s-1900s.",-0.022031039,Arab Republic of Egypt,27,30,Palestine,31.881464,34.894978,country,FALSE,Josh
ODU,ODU_3369,2023-11-01 9:30:37,"Not in pre-Israel Palestine, and not in Arab majority countries either.",-0.3235391974,Palestine,31.92157,35.20329,,,,,,
ODU,ODU_3374,2024-04-04 10:47:38,"There are 3.5 mill mizrahi Jews in Israel, so about 40% of all Israelis that are Jews.",-0.04842837155,State of Israel,31.5,34.75,,,,,,
ODU,ODU_3381,2023-11-01 9:22:26,"When Hamas terrorists invaded Israel and slaughtered innocent civilians, they didn't target the ultra-religious orthodox Jews who believe in the ""chosen people"" idea.",-0.7537889481,State of Israel,31.5,34.75,,,,,,
ODU,ODU_3393,2023-11-01 9:22:26,"So yes, the state of Israel has not only the right, but the obligation and duty to protect innocent people against genocidal jihadists.",-0.3715488911,State of Israel,31.5,34.75,,,,,,
ODU,ODU_3397,2023-11-01 9:22:26,Should Israel cease to exist?,-0.2184187472,State of Israel,31.5,34.75,,,,,,
ODU,ODU_3402,2023-11-01 9:22:26,Do you think the Nazis should of had immunity because they hid in Dresden?,-0.190947324,Dresden,51.05089,13.73832,,,,,,
ODU,ODU_3405,2023-11-01 9:22:26,What would your country do in Israel's situation?,-0.03508871794,State of Israel,31.5,34.75,Israel,31.11593726,34.98909993,country,FALSE,Elijah
ODU,ODU_3409,2023-11-01 9:36:42,It’s not right to support hamas or the tension with Palestine the only correct thing is to push for piece between neighbors,-0.3777267635,Palestine,31.92157,35.20329,Palestine,31.881464,34.894978,country,FALSE,Elijah
ODU,ODU_3414,2023-11-01 2:08:15,The main targets by Hamas were the settlements Israel kept building.,-0.5395207405,State of Israel,31.5,34.75,Israel,31.11593726,34.98909993,country,FALSE,Elijah
ODU,ODU_3416,2023-11-01 2:08:15,"If Palestine had an actual government & military, that's not what they would want.",-0.5819739103,Palestine,31.92157,35.20329,Palestine,31.881464,34.894978,country,FALSE,Elijah
ODU,ODU_3421,2023-06-26 15:07:19,I am supposed to go to some room in Virginia beach and sit in a room while the professor zoom calls in.,-0.02685577422,Virginia,37.54812,-77.44675,Virginia Beach,36.85270424,-75.97826063,city,FALSE,Elijah
ODU,ODU_3434,2022-04-24 16:48:22,"Firstly, they're both regional state schools, so the reputation will extend not much further than Virginia.",-0.1938358694,Virginia,37.54812,-77.44675,Virginia,37.41571328,-78.34945732,state,FALSE,Elijah
ODU,ODU_3443,2022-04-24 16:48:22,"if your family lives in VB, going to ODU is a lot cheaper than moving to Richmond or Fairfax and commuting back for holidays, etc.)",0.2821686864,Provincia Verbano-Cusio-Ossola,45.93333,8.55,Virginia Beach,36.85270424,-75.97826063,city,FALSE,Elijah
ODU,ODU_3443,2022-04-24 16:48:22,"if your family lives in VB, going to ODU is a lot cheaper than moving to Richmond or Fairfax and commuting back for holidays, etc.)",0.2821686864,Richmond,37.55376,-77.46026,Virginia Beach,36.85270424,-75.97826063,city,FALSE,Elijah
ODU,ODU_3443,2022-04-24 16:48:22,"if your family lives in VB, going to ODU is a lot cheaper than moving to Richmond or Fairfax and commuting back for holidays, etc.)",0.2821686864,Fairfax,38.84622,-77.30637,Virginia Beach,36.85270424,-75.97826063,city,FALSE,Elijah
ODU,ODU_3446,2022-04-24 16:48:22,3) ODU gives you access to a beach environment; VCU is closer to DC and is more centrally located to mountain trails.,0.3549823761,District of Columbia,38.91706,-77.00025,Old Dominion University,36.88579821,-76.30578988,University ,FALSE,Elijah
ODU,ODU_3451,2022-04-24 18:04:51,I went to Old Dominion for undergrad and Virginia Commonwealth for my PhD.,0.002444405574,Virginia,37.54812,-77.44675,Old Dominion University,36.88579821,-76.30578988,University ,FALSE,Elijah
ODU,ODU_3451,2022-04-24 18:04:51,I went to Old Dominion for undergrad and Virginia Commonwealth for my PhD.,0.002444405574,Virginia,37.54812,-77.44675,Old Dominion University,36.88579821,-76.30578988,University ,FALSE,Elijah
ODU,ODU_3452,2022-04-24 18:04:51,"While the top schools in Virginia are definitely William and Mary, U.Va.",0.3677055836,Virginia,37.54812,-77.44675,Virginia,37.41571328,-78.34945732,state,FALSE,Elijah
ODU,ODU_3454,2022-04-24 18:04:51,"Your education is what you make of it, and you have to look at the quality of individual departments more than the US News & World Report rankings that everyone is fixated on every year.",-0.05221193284,United States,39.76,-98.5,,,,,,
ODU,ODU_3463,2022-04-24 16:50:58,"Of course, Norfolk is a city, and there are areas that are more prone to violence or crime than others.",-0.6230931878,Territory of Norfolk Island,-29.03333,167.95,"Norfolk, Virginia",36.85452313,-76.28625219,city,FALSE,Elijah
ODU,ODU_3511,2020-09-15 1:37:42,"ODU’s COVID-19 cases triple in less than 2 weeks NORFOLK, Va. (WAVY) — Old Dominion University is reporting 51 cases of COVID-19 as of Monday morning.",-0.006952636875,Norfolk,36.84681,-76.28522,Old Dominion University,36.88579821,-76.30578988,University ,FALSE,Elijah
ODU,ODU_3511,2020-09-15 1:37:42,"ODU’s COVID-19 cases triple in less than 2 weeks NORFOLK, Va. (WAVY) — Old Dominion University is reporting 51 cases of COVID-19 as of Monday morning.",-0.006952636875,Estación Va. Calzada,-34.79668,-58.35914,Old Dominion University,36.88579821,-76.30578988,University ,FALSE,Elijah
ODU,ODU_3524,2020-09-15 19:30:22,[A previous Wavy article] (https://www.google.com/amp/s/www.wavy.com/news/local-news/norfolk/odu-covid-19-confirmed-cases-testing-updates/amp/) includes the COVID dashboards showing other Virginia university statistics.,0.003038709983,Virginia,37.54812,-77.44675,,,,,,
ODU,ODU_3582,2019-04-09 23:13:45,"A couple of other Virginia schools also have it I think, so ODU was probably just hoping on the trend.",-0.002599795349,Virginia,37.54812,-77.44675,Old Dominion University,36.88573747,-76.30585772,University ,FALSE,Josh
ODU,ODU_3602,2015-08-26 22:56:23,By the Soccer Stadium entrance on 43rd,0.0004109742586,Soccer stadium,50.42686,14.91628,ODU Soccer Complex,36.88416288,-76.31086134,university building,FALSE,Josh
ODU,ODU_3612,2012-07-26 22:14:27,"I figure some ideas would be just simple lunch/dinner at the caf [I could swipe in 3-4 people without meal plans], lunch/dinner in House of Blue or something, lunch/dinner in the Village or Del Vecchs, the first ODU AfterDark that Friday, or the Dance Party or Block Party that first Saturday.",0.02613081411,Village,51.44978,-0.08675,Del Vecchios,36.88679444,-76.30205871,Building,FALSE,Josh
ODU,ODU_3659,2012-08-25 14:25:33,"Red Dog saloon in ghent has some killer happy hour specials on beer and if your not 21, the $.50 tacos are good on a college budget.",0.9682971239,Gent,51.05,3.71667,Red Dog Saloon,36.86783278,-76.29824081,Building,FALSE,Josh
ODU,ODU_3691,2025-10-12 23:32:58,As of rn I have mostly A’s and B’s did some gpa and it says I have a gpa of 2.7 any luck getting in a college like ODU or VCU preferably ODU cuz of the fb team and they’re close to the beach NSU is fine so as VSU but I’m not all to interested but I’ll go if I have to.,0.1647875458,Odu,7.3533,4.63459,Old Dominion University,36.88573747,-76.30585772,University ,FALSE,Josh
ODU,ODU_3696,2025-10-13 6:49:27,"You can get guaranteed admission to any public school in Virginia if you start off at community college and build a better gpa, but I think you’ve got a decent chance either way at ODU.",0.5575130582,Virginia,37.54812,-77.44675,Old Dominion University,36.88573747,-76.30585772,University ,FALSE,Josh
ODU,ODU_3730,2025-10-15 16:36:35,Too many nights out on 46th street I guess.,-0.283448875,46th Street Station,39.9584,-75.2134,W 46th Street,36.88567119,-76.30238536,road,FALSE,Josh
ODU,ODU_3732,2025-10-13 7:53:39,"Lost my financial aid and years later saw a TikTok about southern New Hampshire university, stayed there for 2 years it was all online.",-0.1961216927,New Hampshire,43.66702,-71.4998,SNHU,43.03834204,-71.44941978,University ,FALSE,Josh
ODU,ODU_3761,2025-10-13 16:05:27,Located in Petersburg,0.005403418094,Saint Petersburg,59.93863,30.31413,Petersburg Va,37.22758846,-77.40195537,city,FALSE,Josh
ODU,ODU_3764,2025-05-03 23:24:56,"Lmao those are from the Brod, which also impresses me.",0.9082689881,Slavonski Brod,45.16158,18.0163,Broderick Dining Commons,36.88727369,-76.30855985,university building,FALSE,Josh
ODU,ODU_3768,2025-05-04 14:13:00,When you go to perry library go in the back that people forget exists,-0.1889010072,Perry Library,42.82472,-84.21889,Perry Library,36.88439728,-76.30512116,Building,FALSE,Josh
ODU,ODU_3771,2025-04-08 12:42:55,He’s over by the 43rd and elkhorn garage.,0.006904947106,43rd Avenue East,15.58694,32.51311,43rd Street & Elkhorn Avenue Garage,36.8839809,-76.30778443,road,FALSE,Josh
ODU,ODU_3771,2025-04-08 12:42:55,He’s over by the 43rd and elkhorn garage.,0.006904947106,Elkhorn,42.67279,-88.54454,,,,,,
ODU,ODU_3790,2022-01-07 22:54:30,"But dam, this current wave is fucking huge in hampton roads.",-0.6955549717,Hampton,51.41334,-0.36701,Hampton Blvd Norfolk Va,36.88728438,-76.30259502,road,FALSE,Josh
ODU,ODU_3802,2022-01-08 16:01:43,"Just checked Covid rates, 18,000 cases in one day in VA.",-0.1164511219,Virginia,37.54812,-77.44675,,,,,,
ODU,ODU_3824,2019-12-15 13:08:27,Almost hit this dumbass on Hampton Blvd,-0.924634099,Hampton Stes Jax-Southside Blvd,30.2653,-81.558,Hampton Blvd Norfolk Va,36.88728438,-76.30259502,road,FALSE,Josh
ODU,ODU_3832,2016-03-31 8:52:59,ODU wins Vegas 16 tournament title with win over Oakland,0.3756112158,Las Vegas,36.17497,-115.13722,Mandalay Bay Arena,36.09075159,-115.1788469,Building,FALSE,Josh
ODU,ODU_3832,2016-03-31 8:52:59,ODU wins Vegas 16 tournament title with win over Oakland,0.3756112158,Oakland,37.80437,-122.2708,Mandalay Bay Arena,36.09075159,-115.1788469,Building,FALSE,Josh
ODU,ODU_3846,2014-08-29 20:43:57,Riding a bike is frustrating around the library and kaufman.,-0.8210513592,Kaufman County,32.5993,-96.2878,Kaufman Hall,36.88597594,-76.30490527,university building,FALSE,Josh
ODU,ODU_3860,2025-10-24 8:52:33,Edit: Just wanted to point out I live around Richmond so I’m not familiar with the area of the school.,-0.245273754,Richmond,37.55376,-77.46026,Richmond Virginia,37.54129,-77.434769,city,FALSE,Josh
ODU,ODU_3861,2025-10-24 8:52:33,"I’m also a woman but I grew up in quite sketchy areas (outside of US) so I know how to avoid trouble, regarding many people pointing safety concerns.",-0.03346953541,United States,39.76,-98.5,,,,,,
ODU,ODU_3870,2025-10-24 13:46:02,Norfolk has a great food scene.,0.9544305801,Territory of Norfolk Island,-29.03333,167.95,"Norfolk, Virginia",36.85180818,-76.2847493,city,FALSE,Elijah
ODU,ODU_3895,2025-10-25 10:09:08,"I went to Hampton for undergrad and ODU for grad school, and I loved both, especially living in Norfolk.",0.9623414874,Norfolk,36.84681,-76.28522,Hampton University,37.02342288,-76.33429898,University,FALSE,Elijah
ODU,ODU_3896,2025-10-25 10:09:08,Tidewater Virginia is my favorite place.,0.9692482948,Tidewater,37.85514,-76.69857,"Tidewater, Virginia",37.86683332,-76.6984444,region,FALSE,Elijah
ODU,ODU_3896,2025-10-25 10:09:08,Tidewater Virginia is my favorite place.,0.9692482948,Virginia,37.54812,-77.44675,"Tidewater, Virginia",37.86683332,-76.6984444,region,FALSE,Elijah
ODU,ODU_3898,2025-10-25 10:09:08,"ODU is incredibly diverse, and for the quality of learning you get, I do not think there is a better value in Virginia and you're in the greatest city in the US.",0.5053621531,Virginia,37.54812,-77.44675,Old Dominion University,36.88573747,-76.30585772,University ,FALSE,Elijah
ODU,ODU_3898,2025-10-25 10:09:08,"ODU is incredibly diverse, and for the quality of learning you get, I do not think there is a better value in Virginia and you're in the greatest city in the US.",0.5053621531,United States,39.76,-98.5,Old Dominion University,36.88573747,-76.30585772,University,FALSE,Elijah
ODU,ODU_3924,2025-10-24 12:37:26,"It isnt the best place for a woman to walk at night, but compared to vcu, it is safe(r).",0.1236358136,VCU Massey Cancer Center,37.53926,-77.42868,VCU,37.5469,-77.4542,University ,FALSE,Josh
ODU,ODU_3927,2025-10-24 12:37:26,"I used to walk there from powhatan every other week, i would highly reccomend getting/renting a bike",0.4211260974,Powhatan,37.54209,-77.91889,Powhatan Apartments,36.88505504,-76.31351049,Building,FALSE,Josh
ODU,ODU_3928,2025-10-24 13:01:18,calling norfolk a food desert is crazy,-0.4420013428,Territory of Norfolk Island,-29.03333,167.95,Norfolk Viriginia,36.850769,-76.285873,city,FALSE,Josh
ODU,ODU_3939,2025-10-24 9:55:13,I’ve heard great things about the quad but mixed reviews about villages and everywhere else.,0.2981928885,Quad,40.77078,-111.75827,University Village Apartments,36.88531916,-76.29858572,Building,FALSE,Josh
ODU,ODU_3940,2025-10-24 9:55:13,Living in Gresham is not the best but not the worst.,-0.3936119378,Gresham,51.51553,-0.17025,Gresham Hall Main,36.88762281,-76.299727,university building,FALSE,Josh
ODU,ODU_3960,2025-10-24 16:20:13,"The Quad is also in the perfect spot on campus imo, you're right by the Webb and the Rec Center, there are events held just outside your door sometimes, and you're max 10 minute away from your classes.",0.8369993567,Quad,40.77078,-111.75827,University Village Apartments,36.88531916,-76.29858572,Building,FALSE,Josh
ODU,ODU_3960,2025-10-24 16:20:13,"The Quad is also in the perfect spot on campus imo, you're right by the Webb and the Rec Center, there are events held just outside your door sometimes, and you're max 10 minute away from your classes.",0.8369993567,Webb County,27.76106,-99.33157,University Village Apartments,36.88531916,-76.29858572,Building,FALSE,Josh
ODU,ODU_4063,2025-04-26 13:58:53,"There's many many student groups, and oftentimes on the corkboards around Webb or some other buildings there will be posters of current and upcoming events to go to, or clubs to join.",0.09991934896,Webb,27.79251,-99.42281,Webb University Center,36.88670151,-76.30668363,university building,FALSE,Josh
ODU,ODU_4095,2025-04-24 20:30:09,One of the best airsoft fields in the country is in Chesapeake (Ballahack Airsoft).,0.9580871463,Chesapeake,36.81904,-76.27494,Ballahack Airsoft,36.61231109,-76.29461624,Park,FALSE,Josh
ODU,ODU_4155,2018-08-09 20:14:59,DO NOT LIVE IN POWHATAN APARTMENTS I just finished a summer internship for a subcontractor running network cables and hanging Wireless Access Points all across campus.,-0.2838149369,Powhatan,37.54209,-77.91889,Powhatan Apartments,36.88505504,-76.31351049,Building,FALSE,Josh
ODU,ODU_4156,2018-08-09 20:14:59,"While running cables in Powhatan, i saw some of the most disgusting shit that I can’t believe they’re housing students in.",-0.939391613,Powhatan,37.54209,-77.91889,Powhatan Apartments,36.88505504,-76.31351049,Building,FALSE,Josh
ODU,ODU_4167,2018-08-09 22:18:19,I currently live in the village and had friends in Powhatan and the quad.,0.04933405668,Powhatan,37.54209,-77.91889,University Village Apartments,36.88531916,-76.29858572,Building,FALSE,Josh
ODU,ODU_4168,2018-08-09 22:18:19,The village is a bit more expensive but I have had almost no issues compared to Powhatan.,0.1555513889,Powhatan,37.54209,-77.91889,Powhatan Apartments,36.88505504,-76.31351049,Building,FALSE,Josh
ODU,ODU_4169,2018-08-09 22:18:19,"If you live in the quad like dominion, it’s super nice, newer, and a lot closer to classes.",0.937509954,Dominion,29.65689,-98.61641,Dominion Hall,36.88744915,-76.31003435,university building,FALSE,Josh
ODU,ODU_4180,2018-08-27 17:13:35,Just moved in to powhatan and found a roach amd ac is leaking.,-0.5850952268,Powhatan,37.54209,-77.91889,Powhatan Apartments,36.88505504,-76.31351049,Building,FALSE,Josh
ODU,ODU_4261,2024-09-15 6:47:18,It was on 37th Street in lamberts point,0.0006690751761,37th Street Station,39.9514,-75.1975,37th Street Lamberts Point,36.87867948,-76.30671093,road,FALSE,Josh
ODU,ODU_4261,2024-09-15 6:47:18,It was on 37th Street in lamberts point,0.0006690751761,Lamberts Point,36.87543,-76.32744,37th Street Lamberts Point,36.87867948,-76.30671093,road,FALSE,Josh
ODU,ODU_4265,2024-09-15 10:05:59,"Lambert’s Point was a bad neighborhood 30 years ago when I went to ODU,…",-0.6165652871,Lamberts Point,36.87543,-76.32744,Lamberts Point Virginia,36.8826443,-76.30819151,region,FALSE,Josh
ODU,ODU_4268,2024-09-15 15:50:23,The police don’t give a shit Norfolk and ODU.,-0.7986494303,Norfolk,42.03417,-97.41339,Norfolk Viriginia,36.850769,-76.285873,city,FALSE,Josh
ODU,ODU_4293,2024-08-20 12:31:22,"I walked over to FA in Rollins, they said they are pushing refunds through tonight",0.003557137214,Rollins,42.37947,-88.06286,Rollins Virginia,38.1849,-76.30585772,County,FALSE,Josh
ODU,ODU_4318,2024-08-20 12:45:46,Go to the cashiers office in the back of the financial aid office in Rollins and ask them to process it.,-0.003769060597,Rollins,42.37947,-88.06286,Rollins Virginia,38.1849,-76.30585772,County,FALSE,Josh
ODU,ODU_4320,2024-08-20 18:35:42,"My account went to zero today and I got the email, hopefully my deposit is in the morning, but I did walk over to Rollins today so maybe that helped",0.1807422936,Rollins,42.37947,-88.06286,Rollins Virginia,38.1849,-76.30585772,County,FALSE,Josh
ODU,ODU_4345,2024-08-20 12:33:02,"I walked over to FA in Rollins, they said they are pushing refunds through tonight",0.003557137214,Rollins,42.37947,-88.06286,Rollins Virginia,38.1849,-76.30585772,County,FALSE,Josh
ODU,ODU_4410,2021-09-02 16:43:25,i don’t go to odu but i do go to tcc so im around the area!,0.0578305386,Odu,7.3533,4.63459,Tidewater Community College,36.85274098,-76.29032312,University ,FALSE,Josh
ODU,ODU_4432,2021-01-03 10:21:16,Old Dominion to hold remote classes in first 2 weeks of spring due to COVID,-0.001922037569,Virginia,37.54812,-77.44675,Old Dominion University,36.88573747,-76.30585772,University ,FALSE,Josh
ODU,ODU_4457,2020-02-24 12:46:51,Attending college or university outside of your home residence in Virginia is the #1 reason for voting absentee!!,0.1003041193,Virginia,37.54812,-77.44675,,,,,,
ODU,ODU_4467,2016-06-08 8:05:43,ODU gets largest donation in school history — $35 million — for new art museum [x-post /r/norfolk],0.5144119263,New Museum of Contemporary Art,40.72234,-73.99289,Old Dominion University,36.88573747,-76.30585772,University ,FALSE,Josh
ODU,ODU_4468,2015-10-20 11:48:30,Old Dominion Researchers Are Part of First North Pole Expedition in 10 Years,0.001082467264,Virginia,37.54812,-77.44675,,,,,,
ODU,ODU_4468,2015-10-20 11:48:30,Old Dominion Researchers Are Part of First North Pole Expedition in 10 Years,0.001082467264,North Pole,90,0,,,,,,
ODU,ODU_4534,2025-10-16 11:03:52,No one from odu informed me.,-0.1931625903,Odu,7.3533,4.63459,Old Dominion University,36.88573747,-76.30585772,University ,FALSE,Josh
ODU,ODU_4548,2025-10-23 16:54:29,(Higher Education Center in Virginia Beach and Tri-Cities Higher Education Center in Portsmouth no longer provide proctoring services since mid Summer semester).,-0.247763142,Virginia Beach,36.85293,-75.97799,Portsmouth Virginia,36.835426,-76.298271,city,FALSE,Josh
ODU,ODU_4548,2025-10-23 16:54:29,(Higher Education Center in Virginia Beach and Tri-Cities Higher Education Center in Portsmouth no longer provide proctoring services since mid Summer semester).,-0.247763142,Portsmouth,36.83543,-76.29827,Portsmouth Virginia,36.835426,-76.298271,city,FALSE,Josh
ODU,ODU_4624,2025-10-14 18:07:11,It was hell on Earth.,-0.7772740126,Earth,0,0,,,,,TRUE,Josh
ODU,ODU_4716,2025-01-19 18:19:52,"As an undergrad on a cold January day, I moved on 43rd in a run down sketchy shack that has since been torn down.",-0.274571985,43rd Avenue East,15.58694,32.51311,43rd Street and Elkhorn Avenue,36.88327027,-76.30793909,road,FALSE,Josh
ODU,ODU_4979,2022-10-19 12:15:53,I live at the VB oceanfront.,0.009542869404,Provincia Verbano-Cusio-Ossola,45.93333,8.55,Virginia Beach Oceanfront,36.86314,-76.015778,region,FALSE,Josh
ODU,ODU_4993,2022-10-20 11:16:04,"Dang that sucks, I only commute from Portsmouth and this would make me mad being stood up like this I feel like some of those in academia don’t understand how their students can have real lives outside of college",-0.9228719473,Portsmouth,50.79899,-1.09125,Portsmouth Virginia,36.835426,-76.298271,city,FALSE,Josh
ODU,ODU_5041,2022-09-14 3:54:27,Like bigger than the confederate flag that use to fly in fredrickberg off 95.,-0.09766044468,Interchange 95,39.9734,-83.08185,Fredericksburg Virginia,38.309875,-77.466316,County,FALSE,Josh
ODU,ODU_5057,2022-09-14 10:44:45,Virginia doesn’t care.,-0.2804611325,Virginia,37.54812,-77.44675,The State of Virginia,37.40884544,-78.46813813,state,FALSE,Josh
ODU,ODU_5084,2022-03-17 16:36:45,ODU launching first four-year Manufacturing Engineering Technology Degree in Virginia,0.004405613989,Virginia,37.54812,-77.44675,Old Dominion University,36.88573747,-76.30585772,University,FALSE,Josh
ODU,ODU_5106,2021-08-11 16:39:10,The guides were awesome and gave us a tour of the OAP and all they had to offer.,0.9689252377,Bản Đap Tong,21.48333,103.83333,Student Rec Center at ODU,36.88591674,-76.31117902,university building,FALSE,Josh
ODU,ODU_5162,2012-10-16 17:24:24,ODU Football to play at North Carolina and UMD in 2013.,-0.000452220178,North Carolina,35.50069,-80.00032,UNC,35.91996094,-79.0479128,University,FALSE,Josh
ODU,ODU_5167,2025-03-19 20:04:18,I’ll say I absolutely feel in love with Norfolk and I grew love economics more while studying at ODU.,0.9671952128,Norfolk,42.03417,-97.41339,Norfolk Virginia,36.850769,-76.285873,city,FALSE,Josh
ODU,ODU_5179,2025-03-20 10:30:15,I love the atmosphere and area a lot down here in Norfolk.,0.9767052531,Territory of Norfolk Island,-29.03333,167.95,Norfolk Virginia,36.850769,-76.285873,city,FALSE,Josh
ODU,ODU_5210,2025-03-20 19:39:13,I grew up in VB.,0.01075194217,Provincia Verbano-Cusio-Ossola,45.93333,8.55,Virginia Beach,36.85363983,-75.97987393,city,FALSE,Elijah
ODU,ODU_5211,2025-03-20 19:39:13,JMU is not my atmosphere I realized anyway.,-0.3660795987,Jiamusi Airport,46.8434,130.465,James Madison University,38.43669144,-78.87006369,University,FALSE,Elijah
ODU,ODU_5229,2025-03-21 8:48:00,What they won't tell you is Virginia tech has really poor career management programs for students.,-0.8002463579,Virginia,37.54812,-77.44675,Virginia Tech,37.22936168,-80.42343644,University,FALSE,Josh
ODU,ODU_5230,2025-03-21 8:48:00,They just believe their name Virginia tech is enough for students to be successful.,0.1635795087,Virginia,37.54812,-77.44675,Virginia Tech,37.22936168,-80.42343644,University,FALSE,Josh
ODU,ODU_5231,2025-03-21 8:48:00,"A lot of major employees around the Hampton roads area, Northern Virginia and DC Love ODU grads.",0.7507509589,Hampton,37.02987,-76.34522,Hampton Roads Virginia,36.96607623,-76.38206166,city,FALSE,Josh
ODU,ODU_5231,2025-03-21 8:48:00,"A lot of major employees around the Hampton roads area, Northern Virginia and DC Love ODU grads.",0.7507509589,Northern Virginia,38.73074,-77.71193,Hampton Roads Virginia,36.96607623,-76.38206166,city,FALSE,Josh
ODU,ODU_5231,2025-03-21 8:48:00,"A lot of major employees around the Hampton roads area, Northern Virginia and DC Love ODU grads.",0.7507509589,District of Columbia,38.91706,-77.00025,Hampton Roads Virginia,36.96607623,-76.38206166,city,FALSE,Josh
ODU,ODU_5233,2025-03-21 8:48:00,The last time I was in DC just walking around with my fiance I saw a lot of silver and blue ODU attire when I was there.,0.0673725456,District of Columbia,38.91706,-77.00025,Washington DC,38.8951,-77.0364,"University, city",FALSE,Josh
ODU,ODU_5234,2025-03-21 8:48:03,"Well, VCU is kind of an outlier, the campus stretches from one end of Richmond to the other and includes a massive hospital system.",-0.03998908028,Richmond,37.55376,-77.46026,VCU,37.5469,-77.4542,University,FALSE,Josh
ODU,ODU_5239,2025-03-21 8:48:03,"My niece is at Longwood and nobody locks their bikes up there, our bike was stolen in the first few days at Old Dominion WITH a lock and an AirTag.",-0.4474026263,Longwood,39.89937,-82.81224,Longwood University,37.29986601,-78.39630212,University,FALSE,Josh
ODU,ODU_5239,2025-03-21 8:48:03,"My niece is at Longwood and nobody locks their bikes up there, our bike was stolen in the first few days at Old Dominion WITH a lock and an AirTag.",-0.4474026263,Virginia,37.54812,-77.44675,Longwood University,37.29986601,-78.39630212,University,FALSE,Josh
ODU,ODU_5274,2025-02-02 2:52:50,Webb Center is generally a good spot to meet people.,0.8949325085,Webb Center,47.3151,-122.31318,Webb Center ODU,36.88669293,-76.30669436,university building,FALSE,Josh
ODU,ODU_5284,2025-02-02 15:23:19,"Being from NoVa I personally hated Norfolk, but I like Richmond so it depends on those factors.",-0.30222103,Nova,39.73176,-77.81944,Norfolk Virginia,36.850769,-76.285873,city,FALSE,Josh
ODU,ODU_5284,2025-02-02 15:23:19,"Being from NoVa I personally hated Norfolk, but I like Richmond so it depends on those factors.",-0.30222103,Norfolk,36.84681,-76.28522,Norfolk Virginia,36.850769,-76.285873,city,FALSE,Josh
ODU,ODU_5284,2025-02-02 15:23:19,"Being from NoVa I personally hated Norfolk, but I like Richmond so it depends on those factors.",-0.30222103,Richmond,37.55376,-77.46026,Norfolk Virginia,36.850769,-76.285873,city,FALSE,Josh
ODU,ODU_5289,2025-02-02 11:31:27,I would not choose GMU over ODU unless I lived in nova and same for ODU over GMU - only if you live in hampton roads.,-0.2223041803,Nova,39.73176,-77.81944,Northern Virginia,38.8051,-77.047,region,FALSE,Josh
ODU,ODU_5289,2025-02-02 11:31:27,I would not choose GMU over ODU unless I lived in nova and same for ODU over GMU - only if you live in hampton roads.,-0.2223041803,Hampton Roads,36.97515,-76.34967,Northern Virginia,38.8051,-77.047,region,FALSE,Josh
ODU,ODU_5293,2025-02-02 11:31:27,VCU and ODU are urban and GMU is in the suburbs but a metro ride away from DC.,0.003274760442,District of Columbia,38.91706,-77.00025,Washington DC,38.8951,-77.0364,city,FALSE,Josh
ODU,ODU_5294,2025-02-02 11:31:27,"DC >> Richmond >> Norfolk, but Norfolk has a beach.",0.02993733995,District of Columbia,38.91706,-77.00025,Norfolk Virginia,36.850769,-76.285873,city,FALSE,Josh
ODU,ODU_5294,2025-02-02 11:31:27,"DC >> Richmond >> Norfolk, but Norfolk has a beach.",0.02993733995,Richmond,25.61761,-80.4145,Richmond Virginia,37.54129,-77.434769,city,FALSE,Josh
ODU,ODU_5294,2025-02-02 11:31:27,"DC >> Richmond >> Norfolk, but Norfolk has a beach.",0.02993733995,Territory of Norfolk Island,-29.03333,167.95,Washington DC,38.8951,-77.0364,city,FALSE,Josh
ODU,ODU_5294,2025-02-02 11:31:27,"DC >> Richmond >> Norfolk, but Norfolk has a beach.",0.02993733995,Territory of Norfolk Island,-29.03333,167.95,Norfolk Virginia,36.850769,-76.285873,city,FALSE,Josh
ODU,ODU_5307,2025-02-02 18:54:15,"I am from Richmond and I chose ODU over VCU because I wanted a real ""college experience"" with football and a closed off campus, because it was less expensive, and because it always seemed to me growing up that you had to be super artsy to fit in at VCU because it definitely has a reputation of being more of an arts school.",0.4275112152,Richmond,37.55376,-77.46026,Old Dominion University,36.88573747,-76.30585772,University,FALSE,Josh
ODU,ODU_5311,2025-02-03 13:31:31,"I know very little about the other two options, but I will say that Richmond is a cool town if you like city life.",0.8500308394,Richmond,37.55376,-77.46026,Richmond Virginia,37.54129,-77.434769,city,FALSE,Josh
ODU,ODU_5330,2025-02-02 18:58:59,"As someone who grew up in Richmond very close to VCU's campus but went to ODU, I strongly disagree that VCU is the ""most traditional college experience.""",-0.4283004403,Richmond,37.55376,-77.46026,VCU,37.5469,-77.4542,university building,FALSE,Josh
ODU,ODU_5332,2025-02-02 18:58:59,"VCU's campus is completely integrated into downtown Richmond, it has no lawn or campus feel.",0.1810927391,Richmond,37.55376,-77.46026,VCU,37.5469,-77.4542,university building,FALSE,Josh
ODU,ODU_5542,2021-09-02 16:44:16,"i don’t go to odu but i do go to tcc so i’m in the area, message me!",0.03619901463,Odu,7.3533,4.63459,Tide Water Community College,36.91,-76.25,university building,FALSE,Josh
ODU,ODU_5549,2021-08-27 19:39:51,"It'll be on the lawn in front of Webb Center on Thursday, Sept 2.",0.003758340841,Webb Center,47.3151,-122.31318,Webb Center at ODU,36.88925599,-76.30667649,university building,FALSE,Josh
ODU,ODU_5557,2020-10-15 21:49:38,&nbsp; Have a valid Virginia DMV driver's license or state ID card.,0.02237007394,Virginia,37.54812,-77.44675,,,,,,
ODU,ODU_5558,2020-10-15 21:49:38,Be a citizen of the United States.,0.006226310972,Territories of the United States,35.27766,-102.35403,United States,38.7946,106.5348,country,FALSE,Josh
ODU,ODU_5559,2020-10-15 21:49:38,Be a resident of Virginia.,0.004537673667,Virginia,37.54812,-77.44675,Virginia,38.003385,-79.420925,state,FALSE,Josh
ODU,ODU_5618,2020-07-21 8:40:06,I would be staying in england (personally i think it’s the best and i don’t want to give it up) or i could stay home but ugh that’s lame.,0.02972230874,England,52.16045,-0.70312,England House,36.89,-76.31°,university building,FALSE,Josh
ODU,ODU_5659,2020-07-21 10:02:33,I can't remember if England is the one where everyone gets their own room.,-0.1605460644,England,52.16045,-0.70312,England House,36.89,-76.31°,university building,FALSE,Josh
ODU,ODU_5666,2020-07-21 10:49:47,England house has 2 people sharing a room with a private bathroom.,-0.009453116916,England,52.16045,-0.70312,England House,36.89,-76.31°,university building,FALSE,Josh
ODU,ODU_5669,2020-07-22 9:13:49,Tidewater is rapidly becoming Virginia's big hot spot.,0.3247829378,Virginia,37.54812,-77.44675,Tidewater Virginia,37.853,-76.6925,region,FALSE,Josh
ODU,ODU_5670,2020-07-22 9:13:49,"Northern Virginia, where I live, went through this earlier and didn't re-open with the rest of the state because of it.",-0.5531744361,Northern Virginia,38.73074,-77.71193,Northern Virginia,38.8051,-77.047,region,FALSE,Josh
ODU,ODU_5671,2020-07-22 9:13:49,Hampton and Norfolk just [received letters from the governor](https://www.13newsnow.com/article/news/local/mycity/hampton/hampton-norfolk-receive-letters-from-gov-northam-requesting-their-plan-to-lower-covid-19-infections/291-7caa0989-6197-4f73-904c-4cbf77c67dc1) asking how they intend to get their outbreaks under control.,-0.0298968181,Hampton,41.78399,-72.0548,Hampton Virginia,37.034946,-76.360123,city,FALSE,Josh
ODU,ODU_5671,2020-07-22 9:13:49,Hampton and Norfolk just [received letters from the governor](https://www.13newsnow.com/article/news/local/mycity/hampton/hampton-norfolk-receive-letters-from-gov-northam-requesting-their-plan-to-lower-covid-19-infections/291-7caa0989-6197-4f73-904c-4cbf77c67dc1) asking how they intend to get their outbreaks under control.,-0.0298968181,Norfolk,42.03417,-97.41339,Norfolk Virginia,36.850769,-76.285873,city,FALSE,Josh
ODU,ODU_5671,2020-07-22 9:13:49,Hampton and Norfolk just [received letters from the governor](https://www.13newsnow.com/article/news/local/mycity/hampton/hampton-norfolk-receive-letters-from-gov-northam-requesting-their-plan-to-lower-covid-19-infections/291-7caa0989-6197-4f73-904c-4cbf77c67dc1) asking how they intend to get their outbreaks under control.,-0.0298968181,Hampton,41.78399,-72.0548,Hampton Virginia,37.034946,-76.360123,city,FALSE,Josh
ODU,ODU_5671,2020-07-22 9:13:49,Hampton and Norfolk just [received letters from the governor](https://www.13newsnow.com/article/news/local/mycity/hampton/hampton-norfolk-receive-letters-from-gov-northam-requesting-their-plan-to-lower-covid-19-infections/291-7caa0989-6197-4f73-904c-4cbf77c67dc1) asking how they intend to get their outbreaks under control.,-0.0298968181,Norfolk,42.03417,-97.41339,Norfolk Virginia,36.850769,-76.285873,city,FALSE,Josh
ODU,ODU_5672,2020-07-22 9:13:49,"Norfolk going back to phase 2 will scuttle ODU's re-opening plan, and I put the odds of that happening at better than 50-50.",-0.07920749485,Norfolk,42.03417,-97.41339,Norfolk Virginia,36.850769,-76.285873,city,FALSE,Josh
ODU,ODU_5821,2015-04-16 23:30:44,But especially ODU,-0.008184892125,Odu,7.3533,4.63459,Old Dominion University,36.88573747,-76.30585772,University,FALSE,Josh